{
  "game_1400": {
    "game_id": "aec7f86c250f0248fa65d9e1c5a320609ebe04ce",
    "analysis_id": 52,
    "elo": 1400,
    "top_features": [
      [
        "opponent_mobility",
        0.22224495337115693,
        67
      ],
      [
        "material_total",
        0.17500830019915997,
        67
      ],
      [
        "material_balance",
        0.17371086750662634,
        67
      ],
      [
        "move_number_global",
        0.14568829511681608,
        67
      ],
      [
        "score_diff",
        0.13354846307497664,
        67
      ]
    ],
    "critical_moves": [
      [
        65,
        "black",
        "Qd7",
        "c8d7",
        "mistake",
        "is_center_controlled",
        0.375099315379673,
        1.0
      ],
      [
        16,
        "white",
        "Be3",
        "c1e3",
        "blunder",
        "material_balance",
        0.3582493584886068,
        0.0
      ],
      [
        12,
        "white",
        "O-O",
        "e1g1",
        "mistake",
        "is_center_controlled",
        0.31158200801625463,
        1.0
      ]
    ],
    "error_dist": [
      [
        "blunder",
        "white",
        1
      ],
      [
        "good",
        "black",
        28
      ],
      [
        "good",
        "white",
        25
      ],
      [
        "inaccuracy",
        "black",
        4
      ],
      [
        "inaccuracy",
        "white",
        6
      ],
      [
        "mistake",
        "black",
        1
      ],
      [
        "mistake",
        "white",
        2
      ]
    ]
  },
  "game_2800": {
    "game_id": "5daf60d3cfe938edbe083c9bd584b6a62b27c106",
    "analysis_id": 49,
    "elo": 2800,
    "top_features": [
      [
        "opponent_mobility",
        0.21717131951089239,
        461
      ],
      [
        "material_balance",
        0.2119482543987449,
        461
      ],
      [
        "is_center_controlled",
        0.20528746773180237,
        461
      ],
      [
        "branching_factor",
        0.15441479903170752,
        461
      ],
      [
        "score_diff",
        0.1497679533654348,
        461
      ]
    ],
    "critical_moves": [
      [
        387,
        "black",
        "Bf7",
        "g6f7",
        "mistake",
        "is_center_controlled",
        -0.6793004338548538,
        0.0
      ],
      [
        13,
        "white",
        "Kg2",
        "g3g2",
        "mistake",
        "opponent_mobility",
        0.6712177505463623,
        22.0
      ],
      [
        109,
        "white",
        "Kc5",
        "d5c5",
        "mistake",
        "opponent_mobility",
        -0.6604916426888338,
        24.0
      ]
    ],
    "error_dist": [
      [
        "blunder",
        "black",
        2
      ],
      [
        "blunder",
        "white",
        4
      ],
      [
        "book",
        "white",
        1
      ],
      [
        "excellent",
        "black",
        1
      ],
      [
        "good",
        "black",
        186
      ],
      [
        "good",
        "white",
        192
      ],
      [
        "inaccuracy",
        "black",
        26
      ],
      [
        "inaccuracy",
        "white",
        19
      ],
      [
        "mistake",
        "black",
        15
      ],
      [
        "mistake",
        "white",
        15
      ]
    ]
  }
}